name,age,salary,city,department,hire_date
Person1,58.0,74327.0,Bergen,,2017-08-15
Person2,48.0,98904.0,Tromsø,Support,2019-12-24
Person3,34.0,33797.0,Oslo,Marketing,2024-05-08
Person4,27.0,77882.0,Bergen,Sales,2016-11-05
Person5,40.0,43718.0,,,2019-12-25
Person6,58.0,64560.0,Bergen,IT,2017-03-30
Person7,,,Stavanger,,2016-06-07
Person8,42.0,52116.0,Stavanger,,2015-04-17
Person9,30.0,66244.0,Stavanger,HR,2019-01-08
Person10,30.0,31645.0,Kristiansand,Marketing,2014-10-24
Person11,43.0,,Kristiansand,Support,2023-12-04
Person12,55.0,49256.0,Oslo,Marketing,2013-01-21
Person13,,83173.0,Stavanger,IT,2017-01-11
Person14,43.0,67430.0,Tromsø,,2019-08-01
Person15,,69282.0,Bergen,Marketing,2011-05-08
Person16,41.0,,Trondheim,Sales,
Person17,21.0,98244.0,Tromsø,Sales,2011-09-12
Person18,43.0,41694.0,Kristiansand,HR,2018-11-07
Person19,49.0,86264.0,Kristiansand,Sales,2020-06-20
Person20,,105060.0,Tromsø,IT,2016-07-08
Person21,21.0,87545.0,Kristiansand,Engineering,2014-03-27
Person22,,69224.0,Stavanger,Engineering,2023-07-30
Person23,52.0,,Oslo,Finance,
Person24,31.0,70738.0,Bergen,Support,2014-05-25
Person25,41.0,55150.0,Oslo,Marketing,2020-04-10
Person26,44.0,93731.0,Bergen,Support,2022-10-20
Person27,46.0,79688.0,Bergen,IT,2015-03-06
Person28,47.0,103509.0,Oslo,,2013-06-29
Person29,35.0,38577.0,,Engineering,2017-07-06
Person30,34.0,38070.0,Bergen,,2016-10-29
Person31,22.0,38666.0,,IT,2024-12-04
Person32,56.0,87761.0,Bergen,Engineering,2024-05-25
Person33,26.0,66368.0,Trondheim,Sales,2010-12-23
Person34,40.0,36783.0,Tromsø,Support,
Person35,28.0,71914.0,Stavanger,Engineering,2012-06-04
Person36,58.0,100507.0,Bergen,Marketing,2015-06-25
Person37,37.0,109026.0,Trondheim,,2013-07-07
Person38,23.0,97526.0,Stavanger,,2011-09-12
Person39,44.0,100835.0,Stavanger,Finance,2012-06-01
Person40,33.0,75765.0,Bergen,Engineering,2012-03-07
Person41,28.0,49956.0,Oslo,IT,2019-12-22
Person42,45.0,,Bergen,Marketing,2019-05-19
Person43,,,Trondheim,IT,2013-07-20
Person44,39.0,67148.0,Stavanger,IT,2022-11-28
Person45,47.0,34757.0,Bergen,Engineering,
Person46,26.0,49097.0,Oslo,IT,2017-12-05
Person47,27.0,40395.0,Bergen,Marketing,2012-07-18
Person48,54.0,46241.0,Tromsø,Sales,2024-09-10
Person49,33.0,57696.0,,,
Person50,,,Trondheim,Sales,2018-10-18
Person51,55.0,76163.0,,IT,2016-08-06
Person52,59.0,49816.0,Bergen,Sales,2010-01-08
Person53,23.0,79840.0,Oslo,Marketing,2016-11-30
Person54,21.0,82853.0,Tromsø,Marketing,2019-05-17
Person55,25.0,,Oslo,IT,2015-07-13
Person56,23.0,51566.0,Kristiansand,Engineering,2022-07-27
Person57,48.0,105452.0,Tromsø,,2024-02-15
Person58,37.0,92823.0,Trondheim,Engineering,2021-09-22
Person59,45.0,50806.0,Stavanger,Engineering,2020-01-16
Person60,53.0,105520.0,Trondheim,HR,2020-01-20
Person61,29.0,31759.0,Bergen,,2017-09-02
Person62,,71949.0,Oslo,Finance,2010-03-27
Person63,33.0,32482.0,Kristiansand,Marketing,2018-07-13
Person64,50.0,54442.0,Tromsø,Marketing,2021-08-03
Person65,34.0,63719.0,Tromsø,IT,2016-10-04
Person66,,88066.0,Oslo,Support,2019-11-29
Person67,33.0,,Kristiansand,Support,2014-06-25
Person68,42.0,32717.0,Oslo,Support,2019-10-24
Person69,59.0,89676.0,,Finance,2020-12-23
Person70,40.0,57952.0,Trondheim,Marketing,2019-02-09
Person71,35.0,116444.0,Tromsø,IT,
Person72,37.0,72460.0,Bergen,Marketing,2016-01-27
Person73,43.0,102847.0,Trondheim,Engineering,
Person74,45.0,119106.0,Bergen,Sales,2016-06-27
Person75,44.0,48449.0,,,2019-12-18
Person76,48.0,63536.0,Tromsø,,2016-11-08
Person77,34.0,94077.0,Oslo,HR,2012-08-01
Person78,20.0,68258.0,Oslo,,
Person79,44.0,78302.0,Trondheim,Support,2017-04-14
Person80,26.0,58865.0,Stavanger,Finance,2018-01-15
Person81,28.0,36645.0,Kristiansand,Finance,2022-03-03
Person82,43.0,68000.0,Trondheim,Engineering,2020-10-22
Person83,20.0,56737.0,Stavanger,Finance,2014-08-04
Person84,27.0,41485.0,,Sales,2013-04-11
Person85,43.0,68565.0,Kristiansand,Engineering,2021-03-29
Person86,30.0,55522.0,Bergen,IT,
Person87,36.0,95155.0,Tromsø,,2014-01-01
Person88,27.0,85168.0,Kristiansand,Finance,2019-02-01
Person89,54.0,82487.0,,IT,2011-10-29
Person90,54.0,42342.0,Tromsø,Finance,2015-12-17
Person91,52.0,70806.0,Oslo,,2020-04-01
Person92,24.0,78770.0,Stavanger,Engineering,2011-08-24
Person93,58.0,108623.0,Trondheim,Sales,
Person94,47.0,105629.0,Oslo,IT,2022-02-09
Person95,26.0,82603.0,Oslo,HR,2020-06-21
Person96,28.0,111974.0,,IT,2020-09-11
Person97,27.0,56399.0,Kristiansand,Finance,2012-09-06
Person98,31.0,115382.0,Oslo,Support,2016-09-17
Person99,53.0,111244.0,Stavanger,Support,2011-09-21
Person100,52.0,106534.0,Tromsø,Engineering,2014-06-18
Person101,42.0,85106.0,Oslo,Marketing,
Person102,43.0,60678.0,Stavanger,Engineering,2019-05-24
Person103,56.0,106218.0,Bergen,Marketing,2020-01-23
Person104,54.0,93230.0,Stavanger,Support,2020-10-04
Person105,59.0,104055.0,Tromsø,Support,2017-07-28
Person106,41.0,86373.0,Stavanger,IT,2021-12-18
Person107,46.0,61480.0,Trondheim,Sales,2023-02-02
Person108,54.0,115230.0,,HR,2010-04-26
Person109,20.0,98836.0,Kristiansand,Engineering,2023-07-28
Person110,54.0,102258.0,Bergen,Finance,2015-06-27
Person111,56.0,69986.0,Trondheim,Marketing,2011-11-24
Person112,33.0,54160.0,Kristiansand,Finance,2018-08-29
Person113,22.0,115595.0,Stavanger,Sales,2013-01-10
Person114,20.0,109111.0,,Marketing,2018-03-28
Person115,24.0,,Bergen,Engineering,2015-12-02
Person116,45.0,103506.0,Trondheim,IT,2010-06-03
Person117,33.0,64911.0,Kristiansand,,2020-02-17
Person118,58.0,117127.0,Kristiansand,Sales,2024-09-29
Person119,,61821.0,Bergen,Engineering,2022-01-28
Person120,28.0,105039.0,Stavanger,Support,2020-05-14
Person121,34.0,90535.0,Bergen,Support,2012-11-30
Person122,34.0,114458.0,Kristiansand,Engineering,2021-07-02
Person123,45.0,42175.0,Oslo,Engineering,2015-03-29
Person124,32.0,84771.0,Trondheim,Engineering,2013-05-01
Person125,51.0,116925.0,Bergen,Marketing,2016-07-29
Person126,58.0,96358.0,Kristiansand,Engineering,2014-11-08
Person127,51.0,47327.0,Stavanger,Finance,2015-05-15
Person128,23.0,77057.0,,Sales,2017-08-12
Person129,49.0,36150.0,Stavanger,Marketing,2023-02-26
Person130,,34425.0,Bergen,Engineering,2022-12-30
Person131,42.0,46032.0,Stavanger,HR,2017-11-11
Person132,58.0,32198.0,Tromsø,HR,2023-10-22
Person133,34.0,90500.0,,Sales,2011-10-23
Person134,48.0,83394.0,Tromsø,Support,2017-03-20
Person135,55.0,50079.0,Oslo,IT,2016-05-18
Person136,32.0,66220.0,Bergen,IT,2020-10-29
Person137,51.0,71874.0,Kristiansand,Support,2016-09-16
Person138,,43859.0,Kristiansand,Marketing,2013-02-06
Person139,41.0,80460.0,,Marketing,
Person140,47.0,61419.0,Stavanger,Marketing,2015-08-01
Person141,,38705.0,Oslo,IT,2022-09-22
Person142,25.0,72880.0,,,
Person143,47.0,53236.0,,IT,
Person144,47.0,117955.0,Trondheim,Finance,2015-12-20
Person145,39.0,115514.0,Kristiansand,Engineering,2017-10-09
Person146,49.0,45358.0,Tromsø,Marketing,2012-05-23
Person147,30.0,106918.0,Stavanger,HR,2010-03-25
Person148,47.0,44596.0,Trondheim,Sales,2013-11-23
Person149,44.0,63572.0,Kristiansand,Sales,2017-04-29
Person150,58.0,108757.0,,Engineering,2018-09-16
Person151,52.0,31279.0,Stavanger,HR,2021-10-26
Person152,20.0,93197.0,Stavanger,IT,2020-11-19
Person153,46.0,92516.0,Oslo,IT,2013-10-23
Person154,32.0,,Oslo,,
Person155,22.0,47771.0,Kristiansand,Finance,2021-07-09
Person156,58.0,59975.0,Tromsø,IT,
Person157,25.0,75648.0,Stavanger,Sales,2018-02-19
Person158,,78285.0,Kristiansand,Marketing,2019-10-06
Person159,46.0,49063.0,Kristiansand,Sales,2019-10-17
Person160,28.0,97642.0,Bergen,Finance,2022-07-07
Person161,56.0,116143.0,Oslo,Engineering,2010-09-28
Person162,52.0,67599.0,Tromsø,IT,2021-02-18
Person163,43.0,81920.0,Stavanger,Finance,2016-10-04
Person164,34.0,58529.0,Kristiansand,Finance,
Person165,51.0,65954.0,Stavanger,Marketing,2019-03-09
Person166,,57856.0,Bergen,IT,2021-04-28
Person167,,32573.0,Tromsø,Marketing,2023-12-08
Person168,31.0,108344.0,Kristiansand,IT,2019-11-17
Person169,58.0,65367.0,Stavanger,Marketing,2017-01-27
Person170,21.0,90774.0,Oslo,Sales,2021-02-25
Person171,22.0,53752.0,Bergen,Engineering,2018-06-03
Person172,,85029.0,,Engineering,2020-09-11
Person173,36.0,47685.0,Bergen,IT,2010-10-17
Person174,21.0,81693.0,Oslo,HR,2016-10-16
Person175,,85961.0,Tromsø,Support,2018-11-27
Person176,47.0,106908.0,Bergen,Finance,2010-10-06
Person177,42.0,104532.0,Trondheim,,2018-01-03
Person178,56.0,111994.0,Oslo,IT,2011-08-04
Person179,51.0,86133.0,,Marketing,2023-07-30
Person180,52.0,,Oslo,HR,2010-09-11
Person181,20.0,68243.0,Trondheim,Sales,2021-09-16
Person182,38.0,87384.0,Trondheim,Marketing,
Person183,21.0,61653.0,Stavanger,Marketing,
Person184,45.0,56657.0,Kristiansand,IT,2020-06-29
Person185,51.0,69952.0,Bergen,IT,2011-12-01
Person186,25.0,52180.0,Stavanger,Finance,2024-11-28
Person187,51.0,108411.0,Bergen,IT,2013-10-12
Person188,23.0,31622.0,Kristiansand,IT,
Person189,30.0,78756.0,Trondheim,,2014-08-01
Person190,36.0,70809.0,Kristiansand,Finance,2017-06-20
Person191,57.0,,Trondheim,Sales,2018-08-23
Person192,,91396.0,Kristiansand,Sales,2019-04-12
Person193,,81226.0,Stavanger,,2021-10-17
Person194,53.0,111182.0,Tromsø,Support,
Person195,25.0,112565.0,Stavanger,IT,2010-12-08
Person196,41.0,59402.0,Bergen,Support,2015-06-11
Person197,30.0,34263.0,Stavanger,Finance,2021-02-11
Person198,35.0,76828.0,Oslo,Sales,2023-07-11
Person199,,77924.0,Bergen,Marketing,2018-07-07
Person200,28.0,104182.0,Kristiansand,Sales,2021-03-06
Person201,25.0,89052.0,Bergen,Sales,2022-05-13
Person202,35.0,41664.0,Tromsø,Finance,2017-08-30
Person203,48.0,65737.0,Trondheim,Support,2018-11-15
Person204,22.0,119563.0,Kristiansand,Marketing,2015-06-12
Person205,39.0,,Bergen,Finance,2019-05-08
Person206,55.0,66397.0,Kristiansand,IT,2015-01-24
Person207,38.0,116145.0,Kristiansand,Engineering,2010-11-02
Person208,45.0,68709.0,Kristiansand,Sales,
Person209,22.0,91120.0,Trondheim,Engineering,
Person210,38.0,49250.0,Stavanger,Finance,2023-08-05
Person211,39.0,51172.0,Kristiansand,Finance,2013-02-09
Person212,51.0,41555.0,Oslo,Finance,2010-07-25
Person213,26.0,117410.0,Tromsø,Engineering,2022-07-28
Person214,,108617.0,Trondheim,,
Person215,59.0,83276.0,Bergen,IT,2020-06-08
Person216,58.0,87492.0,Trondheim,Finance,2019-12-02
Person217,37.0,83002.0,Bergen,HR,2019-11-09
Person218,59.0,119599.0,Trondheim,Support,
Person219,20.0,102355.0,Bergen,Engineering,2024-01-29
Person220,30.0,54762.0,Kristiansand,,2021-10-18
Person221,,41046.0,Stavanger,Finance,2010-11-06
Person222,44.0,58769.0,,IT,2017-06-01
Person223,42.0,83302.0,Bergen,Sales,2015-06-15
Person224,50.0,53150.0,Oslo,Marketing,2010-09-29
Person225,49.0,,Bergen,,2019-12-22
Person226,54.0,34853.0,Oslo,Marketing,
Person227,26.0,119399.0,Tromsø,Finance,2014-12-28
Person228,35.0,51792.0,Kristiansand,Support,2018-12-18
Person229,45.0,,Oslo,,2022-06-05
Person230,,104478.0,Stavanger,IT,
Person231,,97298.0,,,2011-06-05
Person232,31.0,61987.0,Oslo,Engineering,2012-09-03
Person233,24.0,45850.0,Kristiansand,HR,2020-03-11
Person234,56.0,42112.0,Kristiansand,HR,2019-09-22
Person235,51.0,,Kristiansand,HR,2021-03-29
Person236,28.0,75420.0,Tromsø,Engineering,
Person237,54.0,68890.0,Stavanger,Marketing,2016-12-27
Person238,38.0,96017.0,Trondheim,IT,
Person239,35.0,77304.0,Trondheim,Support,2020-09-12
Person240,22.0,62921.0,Oslo,Engineering,2024-04-27
Person241,39.0,31524.0,Kristiansand,,2010-06-02
Person242,43.0,45048.0,,Finance,2018-02-12
Person243,52.0,65111.0,Tromsø,Sales,
Person244,43.0,67904.0,Tromsø,Support,2017-09-01
Person245,30.0,84912.0,Bergen,Engineering,2024-07-16
Person246,27.0,,Tromsø,Engineering,2014-10-19
Person247,,30060.0,Bergen,IT,2017-02-23
Person248,,104666.0,Stavanger,IT,2020-08-11
Person249,59.0,,Oslo,Engineering,2013-01-09
Person250,39.0,85337.0,Stavanger,HR,2016-12-11
Person251,54.0,,Tromsø,,2023-08-31
Person252,44.0,54354.0,Stavanger,Support,2024-04-04
Person253,54.0,75186.0,Stavanger,IT,2021-07-01
Person254,44.0,58145.0,Stavanger,Support,2020-07-21
Person255,48.0,64020.0,Tromsø,HR,2019-07-27
Person256,37.0,116123.0,Kristiansand,Support,2015-03-30
Person257,37.0,105186.0,Stavanger,,2018-05-31
Person258,21.0,115469.0,Bergen,,2012-10-03
Person259,54.0,50581.0,Tromsø,HR,2011-02-11
Person260,35.0,,Stavanger,HR,2010-06-16
Person261,55.0,53051.0,Kristiansand,Sales,2011-05-24
Person262,52.0,81474.0,Tromsø,Sales,2014-07-20
Person263,23.0,99626.0,Trondheim,Finance,2020-01-13
Person264,52.0,36960.0,Kristiansand,HR,2019-07-22
Person265,33.0,65772.0,Bergen,Marketing,
Person266,40.0,51520.0,Stavanger,HR,2011-11-12
Person267,39.0,79481.0,Trondheim,Sales,2016-11-29
Person268,27.0,66408.0,Trondheim,Marketing,2015-10-22
Person269,26.0,87134.0,Tromsø,IT,2024-05-27
Person270,22.0,50491.0,Trondheim,IT,2022-10-22
Person271,36.0,,,Support,2021-12-06
Person272,52.0,74623.0,Bergen,Engineering,2013-09-25
Person273,31.0,30338.0,Oslo,Sales,2013-08-24
Person274,41.0,,Bergen,Engineering,2016-04-11
Person275,41.0,42254.0,Kristiansand,Marketing,2014-03-19
Person276,49.0,81860.0,Trondheim,Sales,2019-05-02
Person277,57.0,41344.0,Bergen,Finance,2011-07-15
Person278,57.0,31750.0,,HR,2013-01-04
Person279,27.0,84756.0,Oslo,Finance,
Person280,46.0,,Trondheim,Marketing,2010-06-24
Person281,46.0,88053.0,Oslo,Sales,2015-11-27
Person282,53.0,100855.0,Trondheim,Marketing,2016-02-09
Person283,40.0,45896.0,Tromsø,,2021-09-27
Person284,49.0,,Oslo,IT,2021-05-23
Person285,52.0,92552.0,Stavanger,IT,
Person286,,107454.0,Kristiansand,Marketing,2014-02-06
Person287,52.0,57935.0,Kristiansand,Engineering,
Person288,24.0,67641.0,,Sales,2018-09-07
Person289,38.0,59711.0,Stavanger,Sales,2014-04-17
Person290,23.0,100342.0,Oslo,IT,2013-02-25
Person291,54.0,42182.0,Stavanger,Support,2011-01-04
Person292,36.0,117833.0,Stavanger,Finance,
Person293,47.0,86276.0,Oslo,Support,2010-02-12
Person294,49.0,49541.0,Tromsø,HR,2015-03-23
Person295,,112310.0,Stavanger,Finance,2019-07-23
Person296,25.0,,Stavanger,Finance,2016-12-10
Person297,54.0,67198.0,Tromsø,Marketing,2021-06-05
Person298,,38820.0,Stavanger,IT,2017-11-13
Person299,43.0,54070.0,Stavanger,Support,
Person300,48.0,99768.0,Stavanger,Support,2013-07-17
Person301,50.0,41122.0,Kristiansand,IT,2023-01-22
Person302,54.0,110559.0,Bergen,,2023-02-18
Person303,52.0,103543.0,Tromsø,IT,2023-04-17
Person304,40.0,113441.0,Stavanger,,
Person305,51.0,,Kristiansand,Engineering,2018-02-20
Person306,42.0,36737.0,Tromsø,Finance,2020-09-27
Person307,52.0,66062.0,Trondheim,Marketing,2023-09-07
Person308,22.0,84237.0,Trondheim,Sales,2012-09-19
Person309,37.0,81571.0,,HR,2024-06-23
Person310,44.0,,Kristiansand,Engineering,2016-07-14
Person311,50.0,49426.0,Kristiansand,Sales,2016-02-19
Person312,,67265.0,Tromsø,Finance,2014-01-16
Person313,,47850.0,Tromsø,Support,
Person314,43.0,96150.0,Kristiansand,IT,2011-01-25
Person315,51.0,117312.0,Tromsø,,
Person316,41.0,,Kristiansand,,2022-08-26
Person317,42.0,104910.0,Bergen,HR,2015-01-30
Person318,21.0,82375.0,,Marketing,2011-10-21
Person319,46.0,65435.0,,Engineering,2017-07-26
Person320,21.0,87132.0,Tromsø,Engineering,2020-01-12
Person321,45.0,108945.0,Kristiansand,HR,2023-08-27
Person322,36.0,112050.0,Kristiansand,Sales,2014-01-21
Person323,59.0,32983.0,Tromsø,Sales,2020-03-20
Person324,52.0,50662.0,Bergen,Engineering,2011-03-28
Person325,28.0,53510.0,Bergen,Engineering,2016-10-11
Person326,58.0,108187.0,Tromsø,Support,2018-10-28
Person327,48.0,70998.0,Oslo,IT,2014-03-18
Person328,45.0,86846.0,Tromsø,Support,2018-06-21
Person329,,36640.0,Tromsø,Support,2012-06-01
Person330,44.0,74547.0,Bergen,Sales,2022-01-26
Person331,43.0,84620.0,,HR,2021-02-20
Person332,32.0,45317.0,Tromsø,Sales,2023-07-07
Person333,26.0,37564.0,Tromsø,IT,
Person334,55.0,57345.0,Tromsø,Marketing,2018-12-22
Person335,39.0,109273.0,Bergen,,2011-01-10
Person336,20.0,104859.0,Tromsø,Engineering,2022-06-13
Person337,27.0,110765.0,Tromsø,IT,2020-02-15
Person338,35.0,104038.0,Stavanger,Support,2018-05-21
Person339,33.0,,Oslo,HR,2022-11-04
Person340,31.0,96081.0,Trondheim,Engineering,2018-11-25
Person341,42.0,59430.0,Oslo,Finance,2024-08-04
Person342,34.0,,Stavanger,Support,2022-08-01
Person343,47.0,57788.0,Trondheim,Engineering,2022-06-26
Person344,53.0,78543.0,Tromsø,Finance,2010-04-23
Person345,,43919.0,Stavanger,IT,2024-01-19
Person346,51.0,99346.0,,IT,
Person347,42.0,,,,2016-07-06
Person348,41.0,46371.0,Kristiansand,Engineering,2015-04-09
Person349,44.0,75084.0,Stavanger,Sales,2010-05-20
Person350,41.0,59629.0,Bergen,Finance,2013-11-25
Person351,41.0,81184.0,Stavanger,HR,2018-01-28
Person352,25.0,91916.0,Stavanger,Engineering,2018-09-04
Person353,,103972.0,Bergen,,
Person354,56.0,92187.0,Trondheim,Engineering,2017-03-01
Person355,52.0,42984.0,Oslo,Sales,2012-06-06
Person356,27.0,63039.0,Tromsø,Sales,2018-07-02
Person357,24.0,115431.0,Stavanger,Support,2024-11-20
Person358,58.0,113691.0,Tromsø,,2010-02-19
Person359,,88606.0,Kristiansand,Sales,2020-10-26
Person360,25.0,40616.0,Bergen,Marketing,2019-10-01
Person361,51.0,80072.0,,Sales,2010-01-19
Person362,49.0,54574.0,,IT,2023-03-15
Person363,54.0,33430.0,Tromsø,IT,2014-01-13
Person364,59.0,42676.0,Oslo,,
Person365,35.0,40816.0,Oslo,Finance,2017-02-19
Person366,32.0,,,HR,
Person367,49.0,115680.0,Oslo,,2024-05-27
Person368,38.0,32050.0,Oslo,Engineering,2024-03-31
Person369,36.0,63933.0,Oslo,Marketing,2020-04-23
Person370,38.0,54951.0,Bergen,IT,2016-09-04
Person371,47.0,62413.0,Stavanger,Support,2021-10-20
Person372,45.0,64801.0,Tromsø,Engineering,2014-03-30
Person373,,85619.0,Oslo,IT,
Person374,45.0,62913.0,Bergen,Finance,2010-05-08
Person375,42.0,70600.0,Bergen,,
Person376,28.0,87775.0,Bergen,Finance,2017-07-24
Person377,31.0,65400.0,Stavanger,Marketing,2022-03-15
Person378,,34494.0,Tromsø,Sales,2022-10-09
Person379,20.0,110688.0,Stavanger,Sales,2013-11-16
Person380,53.0,119431.0,Trondheim,Sales,2010-07-21
Person381,51.0,104691.0,Bergen,Finance,2016-06-27
Person382,44.0,73001.0,Trondheim,Engineering,2011-06-02
Person383,59.0,97364.0,Kristiansand,HR,
Person384,20.0,75028.0,Oslo,Sales,
Person385,35.0,67573.0,Oslo,Marketing,2023-01-29
Person386,58.0,30806.0,Stavanger,Marketing,2015-06-12
Person387,24.0,86638.0,Tromsø,Sales,2019-09-16
Person388,41.0,59757.0,Trondheim,Sales,2022-05-18
Person389,48.0,64636.0,Tromsø,HR,2020-05-30
Person390,22.0,110097.0,Stavanger,Sales,2018-12-20
Person391,31.0,78280.0,Oslo,HR,2020-01-03
Person392,45.0,,Tromsø,Marketing,2016-08-31
Person393,35.0,110435.0,Tromsø,Sales,2023-05-06
Person394,56.0,92211.0,Oslo,Finance,2010-07-27
Person395,41.0,,Trondheim,Support,2017-03-18
Person396,48.0,86979.0,Oslo,Finance,2021-04-10
Person397,33.0,111470.0,Tromsø,Marketing,2010-06-03
Person398,47.0,68197.0,Trondheim,HR,2019-03-21
Person399,24.0,,Trondheim,Finance,2021-10-24
Person400,49.0,94754.0,Oslo,HR,2023-01-17
Person401,24.0,64157.0,Tromsø,,2014-02-27
Person402,31.0,,Stavanger,Finance,2017-02-13
Person403,35.0,70042.0,Tromsø,HR,2023-10-25
Person404,45.0,,Bergen,Engineering,2016-01-05
Person405,45.0,112856.0,Kristiansand,Finance,2022-04-26
Person406,40.0,57376.0,Stavanger,,2022-11-05
Person407,58.0,85554.0,Trondheim,Support,2019-09-25
Person408,55.0,44199.0,,Marketing,
Person409,52.0,111412.0,Trondheim,,2017-10-20
Person410,49.0,80948.0,Trondheim,HR,2024-05-20
Person411,56.0,103781.0,Stavanger,Engineering,2014-10-09
Person412,42.0,102750.0,Trondheim,IT,2013-07-30
Person413,29.0,96262.0,Trondheim,IT,2020-07-16
Person414,,76600.0,Bergen,Finance,2021-05-31
Person415,55.0,106898.0,Tromsø,Finance,2022-07-13
Person416,,92483.0,Tromsø,Sales,2022-09-30
Person417,50.0,48297.0,Kristiansand,Support,
Person418,29.0,60448.0,Kristiansand,Marketing,
Person419,38.0,56172.0,,Engineering,2024-03-06
Person420,51.0,72874.0,Kristiansand,IT,2016-12-30
Person421,20.0,37657.0,Stavanger,Finance,2016-04-24
Person422,24.0,114386.0,Oslo,Marketing,2022-05-06
Person423,23.0,55425.0,Oslo,Engineering,2012-12-24
Person424,35.0,56685.0,Oslo,Finance,2017-03-27
Person425,43.0,54578.0,Bergen,,2013-03-23
Person426,35.0,58831.0,Bergen,IT,2023-06-18
Person427,21.0,37906.0,Trondheim,IT,
Person428,47.0,,Oslo,Finance,2018-03-14
Person429,,84028.0,Stavanger,,2011-07-14
Person430,46.0,37287.0,Kristiansand,Finance,2018-02-12
Person431,39.0,63660.0,Stavanger,Marketing,2013-06-25
Person432,43.0,105758.0,Kristiansand,Finance,2014-12-19
Person433,31.0,90504.0,Oslo,Sales,2017-12-25
Person434,54.0,89720.0,,Support,2011-09-02
Person435,52.0,64701.0,Oslo,,2016-09-27
Person436,52.0,113300.0,Bergen,Sales,2021-04-13
Person437,56.0,47674.0,Kristiansand,HR,2010-10-11
Person438,31.0,113560.0,Bergen,HR,2018-01-07
Person439,22.0,53874.0,Bergen,Finance,2022-01-14
Person440,20.0,73642.0,Tromsø,Sales,2012-12-27
Person441,52.0,95160.0,Stavanger,HR,2024-01-14
Person442,59.0,47602.0,Stavanger,IT,2012-03-27
Person443,29.0,118801.0,Trondheim,Finance,2010-03-24
Person444,48.0,55931.0,Bergen,Marketing,2015-04-05
Person445,32.0,59192.0,Kristiansand,Support,2019-07-24
Person446,,76542.0,,Engineering,2018-08-11
Person447,50.0,72520.0,Tromsø,,2015-09-25
Person448,21.0,94772.0,Stavanger,Engineering,2022-11-27
Person449,,88762.0,Bergen,Sales,2010-06-25
Person450,42.0,80106.0,Trondheim,Support,2024-06-21
Person451,36.0,111121.0,,Engineering,2017-05-28
Person452,45.0,55559.0,Oslo,Sales,2023-07-09
Person453,27.0,63742.0,Bergen,,2011-01-05
Person454,,99669.0,Oslo,Engineering,2014-12-24
Person455,45.0,,Oslo,Support,
Person456,29.0,51754.0,Trondheim,Finance,2023-02-07
Person457,45.0,33972.0,Kristiansand,,
Person458,53.0,100831.0,,Finance,2014-11-15
Person459,26.0,71873.0,Bergen,Support,2013-09-26
Person460,23.0,39903.0,Oslo,HR,2022-03-21
Person461,30.0,33020.0,Bergen,Sales,2019-02-25
Person462,,71755.0,Kristiansand,Engineering,2022-12-23
Person463,,115956.0,Stavanger,Sales,
Person464,44.0,116988.0,Kristiansand,Finance,2016-08-23
Person465,40.0,75648.0,Stavanger,IT,2010-03-14
Person466,,39516.0,Tromsø,Sales,2018-02-10
Person467,29.0,32396.0,Stavanger,Engineering,2024-09-11
Person468,,114082.0,Trondheim,HR,2012-05-09
Person469,28.0,49129.0,Kristiansand,Marketing,
Person470,43.0,31591.0,Oslo,IT,2021-05-01
Person471,,41303.0,,HR,
Person472,54.0,60561.0,Trondheim,Sales,2012-11-30
Person473,55.0,101719.0,Bergen,Finance,2016-01-27
Person474,37.0,116231.0,Kristiansand,Support,2020-12-31
Person475,58.0,37314.0,Oslo,Finance,2016-03-09
Person476,51.0,49623.0,Stavanger,,2020-04-09
Person477,43.0,97675.0,Oslo,Finance,2015-09-18
Person478,42.0,95082.0,Bergen,IT,2011-01-04
Person479,51.0,113624.0,Tromsø,Finance,2017-09-05
Person480,56.0,63130.0,,Engineering,2010-05-31
Person481,31.0,81756.0,Kristiansand,Marketing,2013-02-08
Person482,,,Tromsø,Sales,2024-02-23
Person483,42.0,,Kristiansand,,2024-01-07
Person484,44.0,99274.0,Kristiansand,Sales,2017-08-16
Person485,54.0,32469.0,,Finance,2021-05-27
Person486,49.0,83947.0,Stavanger,HR,2016-06-04
Person487,36.0,52534.0,,Sales,2023-10-19
Person488,39.0,93620.0,Kristiansand,Marketing,2023-05-30
Person489,44.0,78874.0,,Finance,2016-02-29
Person490,,79708.0,Trondheim,Support,2010-03-02
Person491,32.0,104553.0,Oslo,Engineering,2023-10-21
Person492,38.0,98344.0,Kristiansand,Marketing,2018-03-30
Person493,55.0,79138.0,Stavanger,,2020-09-06
Person494,,84302.0,,Marketing,2013-08-30
Person495,38.0,77638.0,Tromsø,Sales,2013-03-30
Person496,31.0,108249.0,Bergen,Support,2022-02-13
Person497,,32719.0,Bergen,,2014-04-01
Person498,26.0,,,Finance,2022-02-20
Person499,47.0,107236.0,Tromsø,IT,2014-06-18
Person500,33.0,66509.0,Stavanger,Engineering,2013-08-20
Person501,50.0,72534.0,Trondheim,IT,2014-03-07
Person502,38.0,48787.0,Bergen,Marketing,2014-08-01
Person503,35.0,78845.0,Trondheim,HR,2013-09-23
Person504,24.0,87932.0,Stavanger,,2014-04-23
Person505,54.0,63062.0,Tromsø,Marketing,2017-05-10
Person506,31.0,105713.0,Kristiansand,IT,
Person507,44.0,117263.0,Trondheim,Sales,2024-06-19
Person508,40.0,90461.0,Tromsø,Sales,2016-06-24
Person509,55.0,,Tromsø,HR,2020-04-15
Person510,42.0,96672.0,Oslo,Engineering,2016-08-31
Person511,35.0,64832.0,,,2015-06-17
Person512,58.0,61966.0,Kristiansand,Engineering,2012-05-19
Person513,,102545.0,Trondheim,Marketing,
Person514,,42987.0,Tromsø,Support,2015-03-27
Person515,50.0,67311.0,Kristiansand,Support,2011-08-26
Person516,24.0,61575.0,Stavanger,HR,2020-06-18
Person517,54.0,93852.0,Oslo,Engineering,2011-11-22
Person518,42.0,31007.0,Tromsø,Marketing,2011-05-09
Person519,48.0,100981.0,Bergen,Sales,2011-05-05
Person520,30.0,,Bergen,IT,2016-12-31
Person521,37.0,77517.0,Oslo,,2022-04-13
Person522,31.0,59257.0,Stavanger,Support,2010-10-22
Person523,28.0,117272.0,,Support,2021-01-10
Person524,29.0,72207.0,Trondheim,Sales,2017-10-14
Person525,36.0,43281.0,Oslo,Sales,2017-12-22
Person526,57.0,91246.0,Stavanger,IT,2014-09-14
Person527,26.0,31435.0,,Sales,2017-02-09
Person528,32.0,56660.0,,HR,2022-12-28
Person529,59.0,35084.0,Bergen,IT,2015-02-17
Person530,28.0,112197.0,Trondheim,,2022-10-08
Person531,46.0,,Oslo,Finance,2018-12-03
Person532,21.0,102595.0,Bergen,Marketing,2017-09-18
Person533,24.0,113807.0,Tromsø,Sales,2011-03-21
Person534,48.0,75539.0,Kristiansand,HR,2019-12-21
Person535,56.0,37491.0,Trondheim,Engineering,2022-03-17
Person536,,80192.0,Trondheim,Sales,2024-07-13
Person537,38.0,110395.0,Bergen,Support,2012-01-12
Person538,27.0,93888.0,Oslo,Support,2015-08-04
Person539,20.0,103609.0,Tromsø,Support,
Person540,41.0,39077.0,Oslo,Engineering,2016-10-03
Person541,36.0,50953.0,Stavanger,Support,2020-02-15
Person542,26.0,106919.0,Stavanger,Finance,2013-09-20
Person543,44.0,97889.0,Kristiansand,Sales,2010-03-04
Person544,23.0,53821.0,Bergen,Support,2017-01-03
Person545,55.0,67567.0,Bergen,IT,2024-05-25
Person546,25.0,54860.0,Bergen,Engineering,
Person547,50.0,51195.0,Kristiansand,Finance,2024-07-30
Person548,38.0,107475.0,Stavanger,IT,2021-11-30
Person549,58.0,117266.0,Oslo,IT,2010-05-15
Person550,46.0,51427.0,Kristiansand,IT,2019-12-24
Person551,29.0,57083.0,Kristiansand,,
Person552,45.0,117046.0,Oslo,Sales,2023-06-19
Person553,38.0,87372.0,Bergen,Support,2015-11-06
Person554,58.0,74064.0,Tromsø,Marketing,2018-12-23
Person555,22.0,37813.0,Oslo,Sales,2012-04-02
Person556,32.0,61598.0,Stavanger,Sales,2018-06-02
Person557,47.0,,Trondheim,Finance,2023-11-18
Person558,39.0,59241.0,Trondheim,Finance,2018-03-01
Person559,,74569.0,Kristiansand,Support,2010-05-01
Person560,27.0,41745.0,Trondheim,Marketing,2014-06-26
Person561,,56029.0,Tromsø,Finance,2024-12-13
Person562,20.0,43025.0,Bergen,Support,2023-12-22
Person563,22.0,44288.0,Stavanger,Support,2012-07-13
Person564,32.0,119186.0,Tromsø,HR,2011-10-07
Person565,47.0,36540.0,Stavanger,Marketing,2015-07-26
Person566,44.0,111958.0,Stavanger,Finance,2017-07-24
Person567,52.0,98878.0,Bergen,Marketing,2015-08-31
Person568,57.0,71846.0,Kristiansand,Sales,2010-08-30
Person569,25.0,,Trondheim,Sales,
Person570,51.0,47482.0,Bergen,,2012-03-13
Person571,40.0,53411.0,Tromsø,HR,2023-11-08
Person572,35.0,80975.0,Kristiansand,HR,2021-05-27
Person573,40.0,,Tromsø,Marketing,2024-05-15
Person574,30.0,108797.0,Kristiansand,Finance,2010-07-15
Person575,56.0,82307.0,Tromsø,Engineering,2015-12-28
Person576,55.0,33093.0,Bergen,HR,2019-08-17
Person577,54.0,,Kristiansand,,2016-05-19
Person578,38.0,52042.0,Kristiansand,Sales,2016-06-17
Person579,39.0,82930.0,,Marketing,2023-04-04
Person580,37.0,74413.0,Stavanger,IT,2019-11-16
Person581,33.0,63756.0,Oslo,Marketing,2010-10-04
Person582,34.0,83268.0,Tromsø,Support,2010-03-02
Person583,50.0,69214.0,Stavanger,Sales,2019-04-14
Person584,20.0,,Oslo,Sales,2015-03-29
Person585,22.0,58602.0,Stavanger,HR,2020-10-02
Person586,35.0,83331.0,Tromsø,HR,2024-11-13
Person587,42.0,78901.0,Kristiansand,IT,2017-02-04
Person588,30.0,93416.0,Trondheim,Support,2011-07-21
Person589,,62196.0,Tromsø,,2020-10-10
Person590,29.0,35626.0,Bergen,Support,2014-04-21
Person591,51.0,,Stavanger,Sales,2022-12-01
Person592,35.0,42857.0,Stavanger,IT,
Person593,,49982.0,,,2022-01-27
Person594,57.0,,Bergen,,2017-10-25
Person595,31.0,,Kristiansand,Finance,2017-12-05
Person596,43.0,78290.0,Bergen,IT,2013-05-21
Person597,47.0,56431.0,Trondheim,Support,2010-05-17
Person598,27.0,,Stavanger,Finance,2012-10-26
Person599,47.0,112711.0,Stavanger,Finance,2015-11-27
Person600,,56385.0,,Finance,
Person601,,68158.0,Oslo,,2011-10-24
Person602,27.0,53019.0,Kristiansand,IT,2016-10-08
Person603,,,Trondheim,Support,2017-05-01
Person604,47.0,115530.0,Kristiansand,,2016-04-27
Person605,56.0,51563.0,Tromsø,Engineering,2010-03-28
Person606,55.0,69341.0,Stavanger,Sales,2016-11-17
Person607,46.0,35776.0,Kristiansand,HR,
Person608,36.0,66444.0,Bergen,Support,2017-08-05
Person609,28.0,98916.0,Kristiansand,,2016-11-09
Person610,52.0,38711.0,Tromsø,,2024-10-18
Person611,,,,HR,2019-01-24
Person612,32.0,112970.0,Trondheim,Marketing,2014-08-28
Person613,47.0,115553.0,Tromsø,Marketing,2020-01-19
Person614,48.0,60707.0,Stavanger,Engineering,2017-05-24
Person615,32.0,69110.0,Kristiansand,Marketing,2019-12-09
Person616,,91788.0,Oslo,Support,2022-07-27
Person617,,112879.0,Oslo,Marketing,2014-07-06
Person618,37.0,68827.0,Bergen,Sales,2024-02-21
Person619,24.0,35655.0,Stavanger,Sales,2019-02-01
Person620,44.0,74859.0,Oslo,Sales,2020-02-05
Person621,21.0,83625.0,Trondheim,,2011-08-20
Person622,29.0,82098.0,Stavanger,Engineering,2022-06-12
Person623,49.0,45251.0,Trondheim,Finance,2011-04-30
Person624,24.0,30526.0,,Finance,2011-10-08
Person625,52.0,98760.0,Oslo,HR,2018-06-17
Person626,20.0,,,Finance,2023-01-10
Person627,37.0,41536.0,Kristiansand,Finance,2023-04-16
Person628,51.0,58541.0,Tromsø,Sales,2022-01-02
Person629,30.0,109083.0,Oslo,Sales,
Person630,40.0,81027.0,Oslo,,2022-12-17
Person631,45.0,64531.0,Kristiansand,HR,2011-05-14
Person632,44.0,38712.0,Stavanger,IT,2022-12-13
Person633,,95455.0,Stavanger,Support,2014-08-01
Person634,46.0,104744.0,Trondheim,HR,2018-05-26
Person635,32.0,35109.0,Kristiansand,HR,2010-04-25
Person636,52.0,,Kristiansand,Engineering,2018-02-27
Person637,53.0,,,Marketing,2023-01-22
Person638,54.0,112503.0,,Engineering,2014-10-03
Person639,,59759.0,Oslo,HR,
Person640,40.0,115708.0,Bergen,HR,2019-11-21
Person641,25.0,,Tromsø,HR,2016-03-03
Person642,47.0,56589.0,Oslo,Finance,2016-04-13
Person643,36.0,60015.0,Stavanger,Support,2019-12-10
Person644,24.0,59009.0,Tromsø,Support,2010-05-27
Person645,50.0,113309.0,Bergen,Engineering,2020-11-26
Person646,,92046.0,Bergen,HR,2019-06-16
Person647,57.0,56143.0,Trondheim,Support,2022-05-05
Person648,22.0,36154.0,Tromsø,Sales,2016-08-07
Person649,42.0,51804.0,Trondheim,Support,
Person650,56.0,71688.0,Oslo,Marketing,2019-03-15
Person651,56.0,94288.0,Kristiansand,Marketing,2018-03-25
Person652,29.0,81195.0,Kristiansand,Support,2019-09-23
Person653,29.0,50581.0,Kristiansand,Sales,2010-01-19
Person654,38.0,82648.0,Tromsø,Marketing,2016-02-21
Person655,,60087.0,Kristiansand,Finance,2023-12-16
Person656,40.0,79930.0,,Support,2011-03-25
Person657,33.0,62981.0,,Finance,2015-05-03
Person658,28.0,99298.0,Tromsø,Support,2012-08-03
Person659,,76167.0,,IT,2024-12-26
Person660,32.0,105304.0,Tromsø,IT,2021-08-07
Person661,23.0,73408.0,Trondheim,IT,2015-04-05
Person662,20.0,69499.0,Bergen,Marketing,2018-02-25
Person663,59.0,82269.0,Trondheim,Finance,2021-06-20
Person664,51.0,68559.0,Kristiansand,Finance,2020-12-29
Person665,,,Bergen,Finance,2010-08-27
Person666,47.0,78787.0,Trondheim,Sales,2010-07-24
Person667,50.0,65488.0,Tromsø,Finance,2017-02-20
Person668,27.0,104441.0,Tromsø,Sales,2021-11-19
Person669,58.0,104663.0,Tromsø,,2023-06-29
Person670,45.0,52431.0,Stavanger,IT,
Person671,,91681.0,Oslo,Marketing,2018-02-20
Person672,22.0,93483.0,,Support,2022-01-08
Person673,,79153.0,Bergen,IT,2017-05-11
Person674,20.0,36368.0,,Support,2023-07-23
Person675,24.0,57424.0,Stavanger,Support,2021-05-29
Person676,49.0,,,Marketing,2024-10-02
Person677,49.0,,Bergen,HR,2013-09-10
Person678,36.0,118652.0,Stavanger,,2022-01-18
Person679,42.0,86985.0,Kristiansand,Engineering,2024-01-14
Person680,34.0,80069.0,Bergen,Marketing,2024-11-16
Person681,56.0,,Trondheim,Engineering,2012-03-27
Person682,40.0,111061.0,Oslo,Engineering,
Person683,33.0,53398.0,Oslo,HR,
Person684,21.0,80861.0,Stavanger,Marketing,
Person685,30.0,105897.0,Kristiansand,HR,2014-11-12
Person686,58.0,111905.0,Oslo,Engineering,
Person687,57.0,98577.0,Kristiansand,Marketing,2022-08-30
Person688,53.0,95641.0,,Engineering,2010-09-08
Person689,57.0,39078.0,Stavanger,Finance,2014-11-24
Person690,53.0,55003.0,Stavanger,Support,2020-02-18
Person691,37.0,92768.0,Stavanger,Marketing,2016-09-29
Person692,49.0,81047.0,Oslo,Marketing,2013-03-13
Person693,34.0,101626.0,Stavanger,Support,2020-08-29
Person694,46.0,87660.0,Oslo,Engineering,2013-01-01
Person695,53.0,79786.0,Stavanger,Finance,2017-05-03
Person696,57.0,31925.0,Tromsø,Sales,2015-01-22
Person697,52.0,113976.0,Kristiansand,Support,2020-09-09
Person698,43.0,56015.0,Stavanger,HR,2011-05-20
Person699,34.0,63320.0,Bergen,Engineering,2014-06-10
Person700,,94881.0,Kristiansand,Support,2016-10-08
Person701,36.0,,Kristiansand,Support,2016-12-21
Person702,24.0,33389.0,Stavanger,Marketing,2013-10-19
Person703,48.0,55683.0,,HR,
Person704,23.0,43629.0,Stavanger,HR,2020-06-13
Person705,29.0,91550.0,Kristiansand,HR,2024-07-24
Person706,36.0,54826.0,Bergen,Support,2011-12-19
Person707,29.0,56630.0,Kristiansand,Sales,2019-07-17
Person708,36.0,76163.0,,IT,2022-02-21
Person709,39.0,96435.0,Oslo,Engineering,2011-10-21
Person710,43.0,41653.0,Tromsø,IT,2023-11-06
Person711,24.0,57961.0,Kristiansand,Support,
Person712,,111941.0,Stavanger,IT,2022-05-22
Person713,,104137.0,,Support,2023-09-04
Person714,21.0,63662.0,Tromsø,IT,2021-08-05
Person715,32.0,86446.0,Stavanger,HR,2020-04-22
Person716,30.0,51288.0,Trondheim,Finance,
Person717,42.0,66877.0,Stavanger,HR,2022-09-12
Person718,35.0,45313.0,Bergen,HR,2015-10-06
Person719,50.0,110885.0,Bergen,Marketing,2013-06-09
Person720,,102715.0,Trondheim,Marketing,2016-10-18
Person721,35.0,40326.0,Oslo,IT,2011-01-19
Person722,27.0,31560.0,Tromsø,Support,2017-02-20
Person723,23.0,,Stavanger,HR,2010-07-13
Person724,59.0,113186.0,Bergen,IT,2020-06-04
Person725,23.0,56745.0,Oslo,Marketing,2020-03-08
Person726,44.0,61890.0,Trondheim,Finance,
Person727,22.0,50022.0,Kristiansand,Engineering,2017-01-09
Person728,51.0,82579.0,Bergen,IT,2017-07-26
Person729,22.0,,Trondheim,Finance,2017-08-30
Person730,46.0,113847.0,Stavanger,Engineering,2016-05-28
Person731,48.0,58380.0,Tromsø,Sales,2019-04-30
Person732,51.0,32356.0,Bergen,IT,2012-01-02
Person733,38.0,100326.0,Bergen,IT,2017-11-12
Person734,40.0,119899.0,Stavanger,,2018-07-18
Person735,24.0,50049.0,Kristiansand,Sales,2023-02-02
Person736,37.0,105717.0,Oslo,,2021-06-09
Person737,47.0,46082.0,Tromsø,Sales,2017-02-17
Person738,,30661.0,Bergen,HR,
Person739,40.0,,Tromsø,Engineering,2011-06-16
Person740,,32920.0,Bergen,Engineering,2021-10-26
Person741,20.0,90315.0,Tromsø,Engineering,2011-09-27
Person742,24.0,,Trondheim,HR,2014-11-05
Person743,31.0,38946.0,Bergen,Support,2020-06-01
Person744,45.0,75500.0,Tromsø,Sales,2016-06-28
Person745,53.0,46309.0,,Finance,2010-01-03
Person746,33.0,85230.0,Trondheim,Sales,
Person747,45.0,60027.0,Trondheim,IT,2021-04-28
Person748,46.0,102541.0,Oslo,Marketing,2017-03-06
Person749,28.0,89321.0,Tromsø,,2022-12-23
Person750,45.0,30956.0,Stavanger,Sales,2017-11-30
Person751,41.0,104131.0,Oslo,Finance,2018-09-29
Person752,49.0,77908.0,Tromsø,IT,2017-04-20
Person753,36.0,108339.0,,HR,2019-01-20
Person754,45.0,55963.0,Oslo,Support,2012-06-16
Person755,,69443.0,Bergen,HR,2012-12-21
Person756,20.0,69063.0,Tromsø,Finance,
Person757,27.0,,,IT,2011-11-02
Person758,54.0,34703.0,Bergen,Engineering,2014-02-14
Person759,34.0,95128.0,Oslo,Sales,2019-10-16
Person760,41.0,,Kristiansand,,2023-03-08
Person761,33.0,55849.0,Oslo,,2024-02-24
Person762,45.0,61860.0,Oslo,HR,2015-05-10
Person763,47.0,61585.0,Tromsø,Support,2024-05-22
Person764,42.0,52015.0,Tromsø,Support,
Person765,33.0,107539.0,Bergen,Finance,2015-03-08
Person766,43.0,73585.0,Stavanger,Finance,2019-06-02
Person767,21.0,,Bergen,,
Person768,45.0,56017.0,Trondheim,Finance,2017-10-25
Person769,33.0,106707.0,Oslo,,
Person770,26.0,75350.0,Kristiansand,IT,2019-04-09
Person771,,42201.0,,Engineering,2019-10-12
Person772,42.0,59426.0,Oslo,Sales,2020-05-20
Person773,37.0,47778.0,Bergen,IT,2019-05-20
Person774,57.0,75241.0,Kristiansand,Engineering,2024-08-05
Person775,54.0,72229.0,Kristiansand,Support,2010-02-13
Person776,34.0,116652.0,,IT,
Person777,44.0,78364.0,Bergen,,2017-03-03
Person778,56.0,114878.0,Oslo,IT,2022-10-23
Person779,47.0,87056.0,Bergen,Finance,2018-08-30
Person780,29.0,57490.0,Tromsø,Engineering,2013-07-12
Person781,58.0,49975.0,Tromsø,,2018-01-21
Person782,36.0,56723.0,Bergen,Sales,2010-08-08
Person783,58.0,53279.0,Kristiansand,Engineering,
Person784,41.0,108301.0,Oslo,Finance,2018-02-20
Person785,45.0,41561.0,Bergen,,2019-08-15
Person786,44.0,96061.0,Bergen,IT,2016-09-14
Person787,,118397.0,Bergen,Finance,2019-07-04
Person788,32.0,79153.0,Trondheim,Marketing,2017-08-06
Person789,39.0,63142.0,Tromsø,Support,2012-09-17
Person790,44.0,56916.0,Kristiansand,Engineering,2018-01-25
Person791,23.0,,Stavanger,IT,
Person792,29.0,,Kristiansand,Sales,
Person793,22.0,34648.0,Stavanger,Support,2012-03-14
Person794,37.0,65133.0,Trondheim,HR,2011-05-05
Person795,,80677.0,Bergen,,2019-09-27
Person796,41.0,,Trondheim,Sales,
Person797,53.0,,Trondheim,Engineering,2019-12-25
Person798,27.0,77064.0,Oslo,IT,2017-12-01
Person799,59.0,99350.0,Tromsø,Engineering,2014-09-02
Person800,38.0,75893.0,Stavanger,Support,2019-08-18
Person801,56.0,91272.0,,IT,2019-02-23
Person802,25.0,97649.0,Stavanger,Finance,
Person803,45.0,,Kristiansand,HR,2017-01-19
Person804,,43760.0,Stavanger,Finance,2019-11-01
Person805,25.0,,Kristiansand,Finance,2011-09-08
Person806,56.0,116475.0,Tromsø,Engineering,2024-03-06
Person807,52.0,91367.0,Kristiansand,Support,2012-08-12
Person808,41.0,42588.0,Stavanger,,
Person809,,82233.0,Stavanger,IT,2014-06-18
Person810,25.0,74738.0,Kristiansand,IT,2017-08-13
Person811,25.0,63397.0,Trondheim,Marketing,2011-10-12
Person812,23.0,112189.0,Tromsø,Sales,2016-06-05
Person813,49.0,106367.0,Oslo,,2022-04-18
Person814,30.0,101260.0,Bergen,Marketing,2018-12-23
Person815,49.0,106619.0,Stavanger,IT,2024-12-08
Person816,50.0,49816.0,Bergen,Engineering,
Person817,43.0,72240.0,Oslo,Finance,2020-05-29
Person818,28.0,36276.0,Bergen,,2017-01-05
Person819,22.0,109530.0,Oslo,Finance,2018-11-24
Person820,50.0,53499.0,Kristiansand,,2011-01-06
Person821,,118576.0,Trondheim,HR,2012-05-07
Person822,56.0,112495.0,Stavanger,IT,2023-05-19
Person823,55.0,101635.0,,Support,2023-01-06
Person824,43.0,115112.0,Bergen,Engineering,2011-01-19
Person825,50.0,65946.0,Stavanger,HR,2020-08-13
Person826,25.0,85204.0,Trondheim,Sales,2016-12-27
Person827,21.0,81886.0,Kristiansand,Engineering,2021-11-13
Person828,39.0,,,,
Person829,47.0,45563.0,Oslo,Engineering,2017-06-18
Person830,,,Trondheim,Engineering,2021-01-17
Person831,23.0,56155.0,Bergen,Finance,2019-01-07
Person832,,109671.0,Trondheim,Engineering,2024-05-15
Person833,25.0,113310.0,,Marketing,2021-08-22
Person834,49.0,97278.0,,Marketing,2020-12-02
Person835,57.0,48309.0,Trondheim,IT,2012-07-11
Person836,21.0,,Trondheim,Engineering,2017-12-25
Person837,34.0,113194.0,Stavanger,Finance,2018-01-29
Person838,30.0,80108.0,Bergen,Engineering,2018-05-05
Person839,,64707.0,Stavanger,Sales,2012-09-01
Person840,45.0,50337.0,Stavanger,,2013-05-15
Person841,24.0,111537.0,Oslo,Finance,2016-09-01
Person842,25.0,96504.0,Stavanger,IT,2014-12-20
Person843,45.0,,Tromsø,IT,2018-01-13
Person844,23.0,30281.0,Tromsø,Marketing,2023-07-05
Person845,,57420.0,Oslo,Marketing,2013-09-25
Person846,39.0,,Kristiansand,HR,2020-10-15
Person847,52.0,69030.0,Bergen,Finance,2010-07-23
Person848,39.0,31058.0,Bergen,Engineering,2010-06-10
Person849,31.0,116213.0,,Support,2022-04-15
Person850,20.0,,Stavanger,Finance,2012-02-08
Person851,45.0,58404.0,Kristiansand,HR,
Person852,33.0,59856.0,Stavanger,Marketing,2017-01-25
Person853,57.0,39200.0,Bergen,Finance,2012-12-29
Person854,56.0,94178.0,,Finance,2022-04-28
Person855,30.0,63997.0,Tromsø,,
Person856,55.0,55611.0,,HR,2014-03-21
Person857,32.0,71235.0,Trondheim,Marketing,2017-11-15
Person858,22.0,65057.0,Bergen,IT,2018-09-27
Person859,52.0,31239.0,Trondheim,Engineering,2015-01-12
Person860,25.0,95661.0,Kristiansand,Marketing,2011-11-21
Person861,29.0,75272.0,Oslo,HR,2020-04-17
Person862,24.0,119393.0,Stavanger,Sales,
Person863,42.0,91212.0,Oslo,IT,2024-08-11
Person864,,45398.0,,Sales,2015-10-05
Person865,21.0,86503.0,Stavanger,Support,2011-01-01
Person866,32.0,36638.0,Trondheim,Marketing,2019-10-16
Person867,59.0,36570.0,Tromsø,IT,2022-06-17
Person868,21.0,98785.0,Stavanger,Engineering,2021-07-01
Person869,39.0,39110.0,Kristiansand,Marketing,2021-06-04
Person870,,109141.0,Kristiansand,Engineering,2021-11-04
Person871,56.0,42115.0,Kristiansand,Finance,2016-07-06
Person872,28.0,69062.0,Kristiansand,Sales,2013-04-20
Person873,36.0,52911.0,Trondheim,IT,2023-08-29
Person874,28.0,62556.0,Oslo,Engineering,2020-07-06
Person875,30.0,108131.0,Stavanger,HR,2017-06-28
Person876,,31969.0,Trondheim,,2019-03-02
Person877,43.0,73753.0,Kristiansand,HR,2014-08-03
Person878,57.0,112811.0,Oslo,Marketing,2010-10-26
Person879,54.0,34470.0,,,2012-08-14
Person880,49.0,40225.0,Tromsø,Engineering,2013-01-19
Person881,50.0,53196.0,Tromsø,Support,2016-11-10
Person882,24.0,43669.0,Kristiansand,Engineering,2014-01-14
Person883,33.0,67380.0,Tromsø,,2022-03-19
Person884,,78320.0,Bergen,IT,2022-03-05
Person885,,77414.0,Stavanger,Engineering,2020-03-15
Person886,53.0,45577.0,,HR,2019-07-04
Person887,31.0,,Kristiansand,Engineering,2017-09-29
Person888,54.0,85409.0,Bergen,Sales,2017-10-21
Person889,54.0,58625.0,Trondheim,Marketing,2023-12-26
Person890,20.0,111040.0,Trondheim,,2016-11-11
Person891,,54089.0,Tromsø,HR,2020-04-28
Person892,,66487.0,Oslo,Sales,2018-02-12
Person893,,95838.0,Trondheim,Support,
Person894,27.0,80138.0,,Marketing,2012-08-07
Person895,30.0,72823.0,Stavanger,,
Person896,56.0,67208.0,Oslo,HR,2024-11-06
Person897,,84061.0,Stavanger,Finance,2017-10-21
Person898,49.0,60659.0,Bergen,Marketing,2010-06-15
Person899,54.0,61890.0,Bergen,,2019-07-19
Person900,40.0,,Kristiansand,Finance,2016-11-14
Person901,,77055.0,Kristiansand,IT,2012-07-08
Person902,24.0,49508.0,Tromsø,IT,2010-04-24
Person903,38.0,72287.0,Trondheim,Support,2019-08-06
Person904,33.0,108916.0,Tromsø,,2012-09-18
Person905,45.0,56984.0,Stavanger,Support,2020-07-06
Person906,23.0,38125.0,Tromsø,Engineering,2013-06-12
Person907,44.0,66059.0,Oslo,IT,2019-05-20
Person908,44.0,99569.0,,Marketing,2011-05-30
Person909,37.0,47087.0,Kristiansand,Engineering,2024-08-02
Person910,59.0,35704.0,Bergen,Sales,
Person911,27.0,90576.0,Kristiansand,Finance,2018-10-02
Person912,58.0,103384.0,Trondheim,Engineering,2022-02-21
Person913,59.0,117128.0,Stavanger,Finance,2017-01-28
Person914,,102460.0,,Support,2010-03-09
Person915,,57208.0,Oslo,Engineering,2014-05-16
Person916,57.0,115150.0,Trondheim,Support,2022-04-06
Person917,52.0,,Bergen,Sales,2010-01-19
Person918,42.0,,Stavanger,IT,2017-06-23
Person919,34.0,55923.0,Stavanger,Sales,
Person920,52.0,59165.0,Oslo,IT,2011-07-27
Person921,,97203.0,Tromsø,Support,2024-10-09
Person922,36.0,34114.0,Bergen,,2016-03-08
Person923,52.0,94965.0,Kristiansand,Finance,2017-12-12
Person924,,66321.0,Trondheim,Marketing,2011-10-13
Person925,33.0,103297.0,Stavanger,Sales,2023-12-08
Person926,59.0,55426.0,,Engineering,2017-01-31
Person927,59.0,47772.0,Kristiansand,Sales,
Person928,58.0,33712.0,Bergen,Finance,2013-08-31
Person929,25.0,31367.0,Tromsø,IT,2023-09-06
Person930,25.0,81924.0,Stavanger,Finance,2019-12-14
Person931,,33726.0,Bergen,HR,2017-09-28
Person932,26.0,119152.0,Kristiansand,HR,2024-04-29
Person933,27.0,57723.0,Oslo,Engineering,2016-01-27
Person934,34.0,39108.0,Tromsø,Finance,2019-09-10
Person935,48.0,,Trondheim,Support,2012-11-03
Person936,52.0,65643.0,Stavanger,Engineering,
Person937,49.0,,Bergen,Support,2020-11-22
Person938,,113360.0,Oslo,,2018-02-09
Person939,46.0,38927.0,Trondheim,HR,2018-11-01
Person940,55.0,52443.0,Bergen,Engineering,2013-01-03
Person941,48.0,109973.0,Bergen,HR,
Person942,57.0,,Trondheim,IT,2012-07-28
Person943,52.0,106743.0,Oslo,Support,2020-03-05
Person944,56.0,90233.0,Kristiansand,Finance,2019-05-08
Person945,46.0,55537.0,,,2013-12-19
Person946,52.0,107576.0,Tromsø,HR,2011-07-25
Person947,23.0,52612.0,,Sales,2017-12-14
Person948,41.0,,Trondheim,Support,2023-12-15
Person949,21.0,65631.0,Kristiansand,Engineering,2024-07-07
Person950,29.0,61348.0,Trondheim,Marketing,2016-11-10
Person951,24.0,94732.0,Trondheim,IT,2012-07-06
Person952,29.0,31177.0,,IT,2015-02-18
Person953,52.0,34760.0,Stavanger,Sales,2023-06-30
Person954,57.0,62779.0,Tromsø,HR,2014-08-06
Person955,32.0,51636.0,Bergen,Engineering,2011-09-08
Person956,50.0,111889.0,Bergen,Support,2022-04-29
Person957,55.0,83551.0,Trondheim,HR,2014-10-16
Person958,43.0,41556.0,Stavanger,IT,2020-06-22
Person959,,57598.0,Kristiansand,HR,2021-06-20
Person960,48.0,41563.0,Oslo,IT,2016-10-13
Person961,27.0,76819.0,Stavanger,HR,2023-01-02
Person962,24.0,103770.0,,Sales,2019-08-07
Person963,48.0,56966.0,Oslo,Finance,2019-07-08
Person964,23.0,111709.0,Trondheim,Sales,2022-05-27
Person965,31.0,89889.0,Stavanger,Sales,2013-02-09
Person966,21.0,,Bergen,Finance,2020-12-14
Person967,46.0,108714.0,Oslo,Finance,2011-01-10
Person968,50.0,88348.0,Kristiansand,Engineering,2024-02-19
Person969,55.0,54596.0,,Support,2010-07-26
Person970,55.0,63174.0,Trondheim,Support,2023-05-08
Person971,45.0,94106.0,,Engineering,2013-08-12
Person972,46.0,99967.0,Tromsø,Sales,2013-02-15
Person973,24.0,89182.0,Tromsø,Sales,
Person974,39.0,117163.0,Kristiansand,IT,2017-05-14
Person975,30.0,69310.0,Stavanger,,2018-11-30
Person976,29.0,,Kristiansand,Support,2010-03-31
Person977,59.0,38906.0,Stavanger,Engineering,2024-04-10
Person978,57.0,,Stavanger,Marketing,2021-04-01
Person979,25.0,75379.0,Oslo,Marketing,2018-04-09
Person980,27.0,108612.0,Oslo,Engineering,
Person981,42.0,67650.0,Trondheim,,2012-03-15
Person982,45.0,76881.0,Stavanger,Support,2012-08-02
Person983,31.0,76413.0,Tromsø,Support,2017-08-21
Person984,45.0,36012.0,Bergen,IT,
Person985,32.0,80115.0,Trondheim,Marketing,2014-05-30
Person986,59.0,37151.0,Oslo,HR,2018-01-02
Person987,37.0,87716.0,,HR,2020-08-18
Person988,44.0,66378.0,Trondheim,IT,2018-10-27
Person989,52.0,72652.0,Trondheim,HR,2024-02-05
Person990,,102430.0,Trondheim,Finance,
Person991,31.0,43467.0,Trondheim,Engineering,2023-10-01
Person992,55.0,61010.0,Bergen,Engineering,2022-12-19
Person993,23.0,84691.0,Kristiansand,IT,2016-07-15
Person994,24.0,94157.0,Kristiansand,Sales,2022-12-07
Person995,56.0,42289.0,Kristiansand,Marketing,2024-05-30
Person996,27.0,74976.0,Stavanger,IT,2012-07-30
Person997,47.0,73596.0,Tromsø,HR,2023-06-27
Person998,50.0,53171.0,Kristiansand,Marketing,2017-01-10
Person999,28.0,116365.0,Trondheim,,2012-09-02
Person1000,48.0,74139.0,Trondheim,,2012-08-12
